{
  "accuracy": 0.47,
  "confusion_matrix": [
    [
      109,
      0,
      3,
      3,
      0,
      4,
      0,
      1,
      0,
      0
    ],
    [
      1,
      46,
      24,
      29,
      0,
      4,
      13,
      1,
      1,
      1
    ],
    [
      0,
      0,
      75,
      17,
      0,
      10,
      2,
      14,
      2,
      0
    ],
    [
      4,
      0,
      35,
      48,
      1,
      28,
      1,
      2,
      1,
      0
    ],
    [
      1,
      4,
      23,
      3,
      28,
      5,
      9,
      39,
      0,
      8
    ],
    [
      8,
      1,
      9,
      32,
      0,
      63,
      1,
      3,
      2,
      1
    ],
    [
      65,
      0,
      4,
      7,
      3,
      25,
      7,
      0,
      7,
      2
    ],
    [
      0,
      10,
      4,
      0,
      1,
      1,
      0,
      97,
      4,
      3
    ],
    [
      24,
      3,
      14,
      30,
      1,
      11,
      4,
      2,
      23,
      8
    ],
    [
      4,
      2,
      1,
      6,
      5,
      2,
      0,
      23,
      9,
      68
    ]
  ],
  "correct_samples": 564,
  "model_summary": {
    "accuracy": 0.954375,
    "augment_copies": 1,
    "augment_mode": "extreme",
    "effective_train_samples": 100000,
    "hidden_size": 64,
    "input_size": 784,
    "output_size": 10,
    "split_mode": "balanced",
    "test_class_counts": {
      "0": 800,
      "1": 800,
      "2": 800,
      "3": 800,
      "4": 800,
      "5": 800,
      "6": 800,
      "7": 800,
      "8": 800,
      "9": 800
    },
    "test_limit": 8000,
    "tile_width": 2,
    "train_class_counts": {
      "0": 10000,
      "1": 10000,
      "2": 10000,
      "3": 10000,
      "4": 10000,
      "5": 10000,
      "6": 10000,
      "7": 10000,
      "8": 10000,
      "9": 10000
    },
    "train_limit": 50000
  },
  "per_digit_accuracy": {
    "0": {
      "accuracy": 0.9083333333333333,
      "correct": 109,
      "total": 120
    },
    "1": {
      "accuracy": 0.38333333333333336,
      "correct": 46,
      "total": 120
    },
    "2": {
      "accuracy": 0.625,
      "correct": 75,
      "total": 120
    },
    "3": {
      "accuracy": 0.4,
      "correct": 48,
      "total": 120
    },
    "4": {
      "accuracy": 0.23333333333333334,
      "correct": 28,
      "total": 120
    },
    "5": {
      "accuracy": 0.525,
      "correct": 63,
      "total": 120
    },
    "6": {
      "accuracy": 0.058333333333333334,
      "correct": 7,
      "total": 120
    },
    "7": {
      "accuracy": 0.8083333333333333,
      "correct": 97,
      "total": 120
    },
    "8": {
      "accuracy": 0.19166666666666668,
      "correct": 23,
      "total": 120
    },
    "9": {
      "accuracy": 0.5666666666666667,
      "correct": 68,
      "total": 120
    }
  },
  "samples_per_digit": 120,
  "seed": 1234,
  "total_samples": 1200
}
